{
  "input_nodes": 16,
  "hidden_nodes": 32,
  "output_nodes": 3,
  "weights_ih": {
    "rows": 32,
    "cols": 16,
    "data": [
      [
        -3.91355121710649,
        -3.343702707573341,
        3.0328621982353545,
        0.8418088448987021,
        -1.2935296621004673,
        0.463574607656605,
        0.8919818777692563,
        0.09571597545908822,
        -2.000868229419533,
        0.531521854190341,
        -0.20738690202499405,
        -0.3045962412784105,
        1.526031809989791,
        0.6285989015140474,
        0.8521850654018661,
        1.3435054295181217
      ],
      [
        -0.7284899151638045,
        2.068708812347982,
        -1.2178312126030932,
        -1.1783755757529768,
        1.9730772386109843,
        -0.7504363212726914,
        3.1878045622370004,
        0.8549088682318529,
        1.4582860457683844,
        3.214546192134981,
        0.20306116952574027,
        -0.27727816421808094,
        0.7439916632878959,
        2.474807284062298,
        -0.8556014986772925,
        -1.3371718536055006
      ],
      [
        -2.5909602674446752,
        -4.591808229029794,
        4.6543951953252005,
        6.295200931177958,
        -0.9550543156485628,
        0.7667973046012571,
        -1.1604815408729265,
        -0.6621116634351596,
        -0.8763029340745695,
        -1.1902238016628208,
        1.3634032181659783,
        2.5227099209780985,
        -0.12451157762792758,
        -0.018557301535268023,
        0.3622228464001629,
        -0.8809227061130166
      ],
      [
        1.6033341331207125,
        2.008709831176718,
        -2.861960391844721,
        2.947844562874347,
        0.6336761158736618,
        -0.501280707136632,
        2.2536339398203027,
        -1.7780432560648052,
        0.9938158981031098,
        -0.6311622055522661,
        -1.3455006461206298,
        0.0033429393006299017,
        0.6353941574137432,
        0.4988903626668408,
        -0.35099828586346493,
        1.3077727077305321
      ],
      [
        -3.1845098608081015,
        1.6900525517522644,
        -2.8533967105435347,
        -0.25645201776920806,
        -3.536600369445397,
        -0.1924247970754022,
        -2.029794555868573,
        0.7714849104198922,
        -0.8934259255079509,
        -5.4905951306980985,
        2.1260896841873214,
        1.009121484403871,
        -1.3664517043344153,
        1.3694012897082564,
        -0.7462160986706715,
        1.3735232183403265
      ],
      [
        1.560842596988296,
        0.3665404963110284,
        1.270217571620551,
        0.9223366594632384,
        1.4748339031620146,
        1.5717660853569857,
        3.1794968909986356,
        -1.2280566966862367,
        1.0563563336064716,
        -0.2531706097303285,
        -2.6840363396695133,
        -0.4608532119299513,
        -1.7426922258370456,
        -3.383207252254634,
        -0.76376672526059,
        -2.2386298286862085
      ],
      [
        1.268550288626175,
        -0.9659236300527007,
        -2.978744222452937,
        1.9369288215871099,
        3.9414521387565404,
        2.2201091084522,
        -3.8207446565645093,
        3.302554293291405,
        -1.8993479655490153,
        3.5863699531101028,
        -0.2549679700111184,
        3.7286035855591004,
        -4.43508568300975,
        -0.29538748358940986,
        0.5853611358829744,
        2.3524618401156068
      ],
      [
        4.79983425563416,
        -2.3731261764793783,
        3.2213468062203665,
        2.006843026505151,
        -1.0442564698815286,
        1.7532598076395327,
        -0.0380573407758867,
        -0.6542316095444345,
        2.7573142590351845,
        2.5967319138708636,
        2.0907967446470432,
        -0.131877653806317,
        2.8653172816901775,
        2.9488296999215002,
        -1.8609522727011978,
        -1.635721868274232
      ],
      [
        2.11356266486623,
        0.5348395920373649,
        -0.17144670414334415,
        -1.358439638026819,
        -0.18750889128550352,
        1.621178289017837,
        -0.4886378360788347,
        -2.216254866343925,
        -0.1940619697737746,
        -2.850827761691674,
        1.3320496882626949,
        4.7954265195115084,
        -1.703342356052348,
        1.131867563118825,
        -0.4923915367488022,
        -0.9630597887510605
      ],
      [
        -1.927857730532903,
        -0.5270901326528178,
        1.1536553136889427,
        -0.5269757308118923,
        2.850132069796456,
        2.2044973638226955,
        0.45684901844547005,
        3.754268374740362,
        -2.1243017940952327,
        1.8198321865171485,
        3.0178805018628574,
        0.9461506989809024,
        -0.8074152243041599,
        -1.5940238145329502,
        1.6785790550984514,
        0.6231025688593936
      ],
      [
        1.9117122470111327,
        1.956136377815564,
        -1.3433683773644287,
        -0.27091377683254847,
        0.2759029047338371,
        -2.0286629073178863,
        1.1387760213024116,
        0.9189360651347426,
        -0.49533847319919333,
        -2.5595191663278114,
        -1.783570595360334,
        -1.4376513476113804,
        0.5042081312008071,
        1.747807328780856,
        1.4209177243347317,
        -1.398492805249456
      ],
      [
        0.6139514002708444,
        0.9297018419779954,
        -0.2558508754289599,
        0.4280949667311332,
        0.5453049642748603,
        0.6234078954739466,
        2.284679732561577,
        1.367087241453602,
        1.4440828081345378,
        1.463737187123859,
        2.5259636417049696,
        -0.7361953508134993,
        0.7398854462095837,
        2.418725563058828,
        1.0247956534159184,
        -1.5288740366020146
      ],
      [
        0.1879362096396238,
        -1.9826295952444895,
        -1.2418836764426142,
        0.6973112137373102,
        -0.7551681862448801,
        -0.7409914531717068,
        0.20652797302240325,
        -1.452902140758391,
        -0.49994270067907604,
        -0.5029366102229078,
        0.3795456003292231,
        -2.348109091938785,
        0.4819542943871453,
        -0.4376353697504172,
        -0.9497605224817365,
        -0.979135991073802
      ],
      [
        3.2157712805924263,
        -0.28706908332142056,
        3.013403254948435,
        0.7916888409702622,
        0.08046475345592133,
        3.8512040554655615,
        0.5728245208650793,
        1.1234271792570694,
        -0.31606817319534375,
        0.22242005301111178,
        4.064423456627152,
        1.7842029043798695,
        1.6358651011649064,
        -0.4081009638093226,
        0.2864199832050862,
        -1.0466832569958369
      ],
      [
        -1.0494233507534705,
        0.5277886364269878,
        0.5221280641378325,
        0.5155917162450951,
        0.04770828589466075,
        -0.5573575660712731,
        -0.5231950358845815,
        -0.6385724008789375,
        -0.29987323755378836,
        0.5718285295279946,
        -1.3381293050897636,
        0.7083667438108971,
        -1.6419365548122253,
        -0.607115187089358,
        -1.164213873655563,
        0.7135467581478576
      ],
      [
        1.8940003689356595,
        -1.062978572779435,
        4.631235107842517,
        0.5945191865130867,
        4.216732860129203,
        -2.376656584654528,
        2.191924375198482,
        2.0369408347213835,
        -1.7094861555203524,
        -4.705482842627599,
        -1.9284096755494224,
        -1.1567840011178754,
        1.9023718741379543,
        1.0431685846260086,
        -2.293154877480319,
        -3.4712277196474655
      ],
      [
        -0.8580535767928832,
        4.151455920544099,
        -3.898695790909348,
        7.264833757531004,
        -0.83756787862734,
        2.528549661034046,
        -1.1747250892487218,
        -0.7221884900780979,
        -1.6695837622179812,
        2.428162270043241,
        0.3264477879021793,
        0.5920364053342732,
