{
  "input_nodes": 16,
  "hidden_nodes": 32,
  "output_nodes": 3,
  "weights_ih": {
    "rows": 32,
    "cols": 16,
    "data": [
      [
        -2.692993824536545,
        -0.21177516124661575,
        -1.7830791002350876,
        -0.6086234339060703,
        -3.8265880829022834,
        0.9197110211211859,
        -1.386245702924719,
        1.472458976750941,
        -0.361013206322625,
        -3.6472789546506976,
        0.617165728562994,
        3.978360355514811,
        0.41236183447814856,
        -0.1779732365744074,
        -0.9165029690552545,
        -0.14325969812140535
      ],
      [
        -1.9242503503019874,
        -5.618961004712453,
        5.698520569607371,
        7.15978304043792,
        -3.0761538657164125,
        1.209963761080896,
        -0.2129467288463317,
        1.5476601194012247,
        -0.42937912586551186,
        0.7744941384362107,
        0.0386166482832953,
        1.1165888067049496,
        -0.1348001721375717,
        0.2435664380366598,
        -0.8128105843284357,
        -0.9863362272213547
      ],
      [
        5.839082581514159,
        -6.111468397795048,
        4.015251565338542,
        0.8171082752797658,
        -2.140526773287754,
        -2.364766195831472,
        0.24428338530180288,
        1.3325706475498247,
        -0.11934710212621333,
        0.7233630350056913,
        3.2550362754692936,
        -1.331829882334867,
        0.3448749219679673,
        0.026375734567582226,
        -0.46611649765577673,
        -1.868093633793868
      ],
      [
        -3.530540115712088,
        0.6618386357868634,
        -2.506847838720826,
        -2.549435813413055,
        -2.6911006341606436,
        -0.7340730998553527,
        2.2156287175397593,
        -2.033745827063188,
        0.4969385783823825,
        -1.4284929129384467,
        2.919660568052915,
        0.596351823877224,
        1.620109708256103,
        -0.048295565046864636,
        1.5619240525906082,
        1.1578852103089106
      ],
      [
        -0.29249311748409557,
        -0.5241289608193662,
        0.823527258487874,
        -0.42134600924443666,
        -0.6963436738317229,
        -2.034730954959756,
        3.5869295349038897,
        4.114164810694385,
        -1.0774061889121402,
        -0.8778937839587855,
        -2.5830168732206387,
        -2.2050929616685613,
        0.4602036083054871,
        1.6415493222074,
        -0.5098687056823823,
        -2.7450312199280575
      ],
      [
        -2.4860915232182155,
        -0.7064073992846273,
        2.703490029254577,
        -0.09351282227285451,
        -0.9481915311409406,
        -2.536832976740747,
        -1.7653931514307464,
        -2.364757772613838,
        -0.7591257303007973,
        -1.9670578228142923,
        -2.800651066251601,
        -0.30108425291894486,
        1.4692773184223247,
        -2.020550317688901,
        1.1831392238269136,
        3.3881011573678173
      ],
      [
        2.085032560972108,
        0.9527521393746525,
        -1.8956602760635006,
        -1.2476876918478292,
        0.08214643592018016,
        2.540092677321091,
        1.2712276208233306,
        0.5586873900888227,
        -0.27094670109993624,
        1.7723942053460604,
        -2.162203186653159,
        -1.1493658167943746,
        0.40977868449804666,
        2.105090690532958,
        -1.5635270623952255,
        -0.15221970825315342
      ],
      [
        -2.681483000124993,
        1.0232668589671647,
        -2.4455728434173944,
        -1.680621382933892,
        0.9890990604318693,
        0.2890007232924397,
        -2.7515686901289045,
        -0.7754251160182227,
        -0.839407129656189,
        0.2772920413126125,
        1.3049509883608732,
        0.8827341679652009,
        0.9823976289264705,
        0.941892369618578,
        0.6448928600933186,
        2.3485296300445433
      ],
      [
        -0.9633719367297663,
        -2.589462995454774,
        -2.4448934429178504,
        -0.2742637917503487,
        0.951382725485207,
        -1.6378432061903188,
        -1.2620712702011303,
        -0.09334409100379219,
        1.5656169756123817,
        0.05749830205484145,
        -2.7579230658296026,
        1.2255568526081055,
        0.374679627896874,
        0.07484562863305788,
        -0.3709098084456613,
        0.8466316901083013
      ],
      [
        -0.998448644963206,
        -0.4309908486321661,
        -0.673586922412556,
        -0.15335695924698914,
        2.324990194335509,
        -0.08766588918551231,
        -0.842840151758132,
        -0.8441041456604852,
        -3.2991229383019385,
        -0.33293346821015146,
        -1.765892313823589,
        -0.5727675925128406,
        0.4635281061106133,
        -2.4915617711902023,
        -0.6270412586973096,
        0.33441687880157667
      ],
      [
        2.627321679670438,
        0.20343999180063987,
        -1.2754989035248343,
        -0.5658516799839012,
        -1.7539729952890974,
        2.7540955573443937,
        -0.03788949501622706,
        1.4939460867438816,
        -0.2920312718615625,
        1.5866588700258417,
        -2.96031997635541,
        0.18396570356324501,
        1.1031119510956695,
        -3.2780836623646064,
        0.9978176402392536,
        0.5117659771113622
      ],
      [
        0.2692678834485738,
        -1.6331887954703246,
        1.2314072034127503,
        -1.72966878811245,
        1.2752223744414717,
        0.3492428577655929,
        -1.5778247895268382,
        2.233464331492472,
        1.4722726868671743,
        -1.2699553831151633,
        0.31457863013792153,
        -0.4229098096378609,
        1.9011655225613882,
        0.4969943919391881,
        1.4034052892759703,
        0.7800759532922908
      ],
      [
        -0.814172473839005,
        -2.531838792219393,
        1.6936805228143115,
        -0.06270391433409361,
        4.102858056640953,
        0.406609468861638,
        -0.04540577587352147,
        5.3112682335069366,
        -3.544430214311297,
        -0.24828122241334397,
        1.7024973120495461,
        2.740854511274467,
        -2.8691336303065644,
        -2.6280789137874487,
        0.780144979808053,
        1.5486842914082035
      ],
      [
        3.5637433563244345,
        -3.154628046846431,
        -1.0607718797922152,
        0.9470509379727472,
        2.4564327950547318,
        2.8432875769987107,
        1.8295048990586844,
        -1.5145711650093134,
        1.9271261054227298,
        -2.4083780307155256,
        -0.7073169401448011,
        2.2948589127036088,
        -2.871771062687344,
        -1.671308934409482,
        0.010729950021892146,
        -2.0236968403615263
      ],
      [
        -1.7670369079759707,
        -3.694620213610473,
        0.9042246531882959,
        2.75032152400985,
        2.6004580206612484,
        0.5141718498561842,
        0.08742232567001072,
        -2.199147201214345,
        -5.440906337833058,
        1.1845534088842304,
        0.8855512217755991,
        3.5086489599349813,
        -1.2690765946914084,
        1.7262757002411784,
        2.325006427497145,
        -0.48381120745547246
      ],
      [
        -1.5163142988547795,
        -1.169382237188628,
        -0.5221235074623899,
        0.18728422194707597,
        -2.796047111779072,
        -2.0142822865487684,
        -1.7029606847587828,
        3.4329419577967406,
        0.5770997453799408,
        1.6122042331215518,
        -0.28403235304038355,
        -1.421909996082176,
        0.3273897684465035,
        -0.5932134188566749,
        0.4469280841060801,
        -1.8914457629243224
      ],
      [
        1.243204510938362,
        -3.9652249568795948,
        -0.8303795222940866,
        -1.6784469570006932,
        -3.9908707488819686,
        0.7131429833597832,
        -2.3308209496640124,
        -0.9474646743026603,
        -2.3638599196071097,
        -1.396564517843833,
        0.3543377992690496,
